<!DOCTYPE hibernate-mapping PUBLIC "-//Hibernate/Hibernate Mapping DTD 3.0//EN" "http://hibernate.sourceforge.net/hibernate-mapping-3.0.dtd">
<hibernate-mapping>
    <class name="com.aprendoz_desarrollo.data.Curso" table="Curso" catalog="aprendoz_desarrollo" dynamic-insert="false" dynamic-update="false">
        <id name="idCurso" type="integer">
            <column name="Id_Curso"/>
            <generator class="assigned"/>
        </id>
        <property name="curso" type="string">
            <column name="Curso" length="45"/>
        </property>
        <many-to-one name="grado" class="com.aprendoz_desarrollo.data.Grado" cascade="none">
            <column name="Grado_Id_Grado"/>
        </many-to-one>
        <set name="inscCursoAsigs" inverse="true">
            <key>
                <column name="Curso_Id_Curso" not-null="true"/>
            </key>
            <one-to-many class="com.aprendoz_desarrollo.data.InscCursoAsig"/>
        </set>
        <set name="horarios" inverse="true">
            <key>
                <column name="curso_id_curso" not-null="true"/>
            </key>
            <one-to-many class="com.aprendoz_desarrollo.data.Horario"/>
        </set>
        <set name="coordinacionDeGrupos" inverse="true">
            <key>
                <column name="Curso_Id_Curso" not-null="true"/>
            </key>
            <one-to-many class="com.aprendoz_desarrollo.data.CoordinacionDeGrupo"/>
        </set>
        <set name="inscAlumCursos" inverse="true">
            <key>
                <column name="Curso_Id_Curso" not-null="true"/>
            </key>
            <one-to-many class="com.aprendoz_desarrollo.data.InscAlumCurso"/>
        </set>
        <set name="sesions" inverse="true">
            <key>
                <column name="Curso_Id_Curso" not-null="true"/>
            </key>
            <one-to-many class="com.aprendoz_desarrollo.data.Sesion"/>
        </set>
        <set name="matriculas" inverse="true">
            <key>
                <column name="Curso_Id_Curso" not-null="true"/>
            </key>
            <one-to-many class="com.aprendoz_desarrollo.data.Matricula"/>
        </set>
    </class>
</hibernate-mapping>