<!DOCTYPE hibernate-mapping PUBLIC "-//Hibernate/Hibernate Mapping DTD 3.0//EN" "http://hibernate.sourceforge.net/hibernate-mapping-3.0.dtd">
<hibernate-mapping>
    <class name="com.aprendoz_desarrollo.data.DocentesVistaAprendizajesAsignatura" table="docentes_vista_aprendizajes_asignatura" catalog="aprendoz_desarrollo" dynamic-insert="false" dynamic-update="false">
        <composite-id name="id" class="com.aprendoz_desarrollo.data.DocentesVistaAprendizajesAsignaturaId">
            <key-property name="idAprendizaje" type="integer">
                <column name="Id_Aprendizaje"/>
            </key-property>
            <key-property name="aprendizaje" type="string">
                <column name="Aprendizaje" length="500"/>
            </key-property>
            <key-property name="learning" type="string">
                <column name="Learning" length="500"/>
            </key-property>
            <key-property name="fechaEsperada" type="date">
                <column name="Fecha_Esperada" length="10"/>
            </key-property>
            <key-property name="subtopico" type="string">
                <column name="Subtopico" length="200"/>
            </key-property>
            <key-property name="unidad" type="string">
                <column name="Unidad" length="500"/>
            </key-property>
            <key-property name="numeroSubtopico" type="integer">
                <column name="Numero_Subtopico"/>
            </key-property>
            <key-property name="numeroUnidad" type="integer">
                <column name="Numero_Unidad"/>
            </key-property>
            <key-property name="asignaturaIdAsignatura" type="integer">
                <column name="Asignatura_Id_Asignatura"/>
            </key-property>
        </composite-id>
    </class>
</hibernate-mapping>