<!DOCTYPE hibernate-mapping PUBLIC "-//Hibernate/Hibernate Mapping DTD 3.0//EN" "http://hibernate.sourceforge.net/hibernate-mapping-3.0.dtd">
<hibernate-mapping>
    <class name="com.aprendoz_desarrollo.data.Eventualidades" table="Eventualidades" catalog="aprendoz_desarrollo" dynamic-insert="false" dynamic-update="false">
        <id name="idEventualidad" type="integer">
            <column name="Id_Eventualidad"/>
            <generator class="identity"/>
        </id>
        <property name="fecha" type="date">
            <column name="Fecha" length="10"/>
        </property>
        <property name="hora" type="time">
            <column name="Hora" length="8" not-null="true"/>
        </property>
        <property name="estado" type="string">
            <column name="Estado" length="45"/>
        </property>
        <property name="descripcion" type="string">
            <column name="descripcion" length="500"/>
        </property>
        <property name="fechaIngreso" type="timestamp">
            <column name="fecha_ingreso" length="19" not-null="true"/>
        </property>
        <property name="usuarioReg" type="string">
            <column name="usuario_reg" length="20" not-null="true"/>
        </property>
        <many-to-one name="tipoLugar" class="com.aprendoz_desarrollo.data.TipoLugar" cascade="none">
            <column name="Lugar_id_Tipo_Lugar"/>
        </many-to-one>
        <many-to-one name="subtipoEventualidad" class="com.aprendoz_desarrollo.data.SubtipoEventualidad" cascade="none">
            <column name="Subtipo_Eventualidad_Id_Subtipo_Eventualidad" not-null="true"/>
        </many-to-one>
        <set name="eventualidadPersonases" inverse="true">
            <key>
                <column name="Eventualidades_Id_Eventualidad" not-null="true"/>
            </key>
            <one-to-many class="com.aprendoz_desarrollo.data.EventualidadPersonas"/>
        </set>
    </class>
</hibernate-mapping>