<!DOCTYPE hibernate-mapping PUBLIC "-//Hibernate/Hibernate Mapping DTD 3.0//EN" "http://hibernate.sourceforge.net/hibernate-mapping-3.0.dtd">
<hibernate-mapping>
    <class name="com.aprendoz_desarrollo.data.Novedades" table="novedades" catalog="aprendoz_desarrollo" dynamic-insert="false" dynamic-update="false">
        <id name="idNovedades" type="integer">
            <column name="id_novedades"/>
            <generator class="identity"/>
        </id>
        <property name="horaProgramada" type="time">
            <column name="hora_programada" length="8" not-null="true"/>
        </property>
        <property name="observaciones" type="string">
            <column name="observaciones" not-null="true"/>
        </property>
        <property name="horaActualSalida" type="time">
            <column name="hora_actual_salida" length="8" not-null="true"/>
        </property>
        <property name="aprobacionDirNivel" type="byte">
            <column name="aprobacion_dir_nivel" not-null="true"/>
        </property>
        <property name="aprobacionCoordinador" type="byte">
            <column name="aprobacion_coordinador" not-null="true"/>
        </property>
        <property name="aprobacionTransporte" type="byte">
            <column name="aprobacion_transporte" not-null="true"/>
        </property>
        <property name="numeroPuerta" type="integer">
            <column name="numero_puerta"/>
        </property>
        <property name="fechaProgramada" type="date">
            <column name="fecha_programada" length="10" not-null="true"/>
        </property>
        <property name="fechaSolicitud" type="date">
            <column name="fecha_solicitud" length="10" not-null="true"/>
        </property>
        <many-to-one name="rutas" class="com.aprendoz_desarrollo.data.Rutas" cascade="none">
            <column name="ruta_id_ruta" not-null="true"/>
        </many-to-one>
        <many-to-one name="persona" class="com.aprendoz_desarrollo.data.Persona" cascade="none">
            <column name="Persona_Id_Persona" not-null="true"/>
        </many-to-one>
        <many-to-one name="tipoDia" class="com.aprendoz_desarrollo.data.TipoDia" cascade="none">
            <column name="tipo_dia_id_tipo_dia" not-null="true"/>
        </many-to-one>
    </class>
</hibernate-mapping>