<!DOCTYPE hibernate-mapping PUBLIC "-//Hibernate/Hibernate Mapping DTD 3.0//EN" "http://hibernate.sourceforge.net/hibernate-mapping-3.0.dtd">
<hibernate-mapping>
    <class name="com.aprendoz_desarrollo.data.Promocion" table="Promocion" catalog="aprendoz_desarrollo" dynamic-insert="false" dynamic-update="false">
        <id name="idPromocion" type="integer">
            <column name="Id_Promocion"/>
            <generator class="identity"/>
        </id>
        <property name="personaIdPersona" type="integer">
            <column name="Persona_Id_Persona" not-null="true"/>
        </property>
        <property name="syIdSy" type="integer">
            <column name="SY_Id_Sy" not-null="true"/>
        </property>
        <property name="checkacademico" type="boolean">
            <column name="checkacademico" not-null="true"/>
        </property>
        <property name="checkcomite" type="boolean">
            <column name="checkcomite" not-null="true"/>
        </property>
        <property name="commentcomite" type="string">
            <column name="commentcomite" length="65535"/>
        </property>
        <property name="checkfinanc" type="boolean">
            <column name="checkfinanc" not-null="true"/>
        </property>
        <property name="commentfinanc" type="string">
            <column name="commentfinanc" length="65535"/>
        </property>
        <property name="promovido" type="boolean">
            <column name="promovido" not-null="true"/>
        </property>
        <property name="commentaprobado" type="string">
            <column name="commentaprobado" length="65535"/>
        </property>
        <property name="commentpromovido" type="string">
            <column name="commentpromovido" length="65535"/>
        </property>
        <property name="calificacion" type="float">
            <column name="calificacion" precision="5"/>
        </property>
        <property name="calificacionChar" type="string">
            <column name="calificacion_char" length="15"/>
        </property>
    </class>
</hibernate-mapping>