<!DOCTYPE hibernate-mapping PUBLIC "-//Hibernate/Hibernate Mapping DTD 3.0//EN" "http://hibernate.sourceforge.net/hibernate-mapping-3.0.dtd">
<hibernate-mapping>
    <class name="com.aprendoz_desarrollo.data.Rutas" table="rutas" catalog="aprendoz_desarrollo" dynamic-insert="false" dynamic-update="false">
        <id name="idRuta" type="integer">
            <column name="id_ruta"/>
            <generator class="identity"/>
        </id>
        <property name="numeroRuta" type="string">
            <column name="numero_ruta" not-null="true"/>
        </property>
        <property name="placaVehiculo" type="string">
            <column name="placa_vehiculo" not-null="true"/>
        </property>
        <property name="nombreConductor" type="string">
            <column name="nombre_conductor" length="65535" not-null="true"/>
        </property>
        <property name="nombreMonitora" type="string">
            <column name="nombre_monitora" length="65535" not-null="true"/>
        </property>
        <property name="nombreResponsable" type="string">
            <column name="nombre_responsable" length="65535" not-null="true"/>
        </property>
        <property name="descripcion" type="string">
            <column name="descripcion" length="65535" not-null="true"/>
        </property>
        <property name="telefono1" type="string">
            <column name="telefono1" not-null="true"/>
        </property>
        <property name="telefono2" type="string">
            <column name="telefono2"/>
        </property>
        <many-to-one name="grupoFamiliar" class="com.aprendoz_desarrollo.data.GrupoFamiliar" cascade="none">
            <column name="grupo_familiad_id_grupo_familiar" not-null="true"/>
        </many-to-one>
        <many-to-one name="tipoTransporte" class="com.aprendoz_desarrollo.data.TipoTransporte" cascade="none">
            <column name="tipo_transporte_id_tipo_transporte" not-null="true"/>
        </many-to-one>
        <set name="inscAlumTransportesForMartesRuta" inverse="true">
            <key>
                <column name="martes_ruta" not-null="true"/>
            </key>
            <one-to-many class="com.aprendoz_desarrollo.data.InscAlumTransporte"/>
        </set>
        <set name="inscAlumTransportesForMiercolesRuta" inverse="true">
            <key>
                <column name="miercoles_ruta" not-null="true"/>
            </key>
            <one-to-many class="com.aprendoz_desarrollo.data.InscAlumTransporte"/>
        </set>
        <set name="inscAlumTransportesForJuevesRuta" inverse="true">
            <key>
                <column name="jueves_ruta" not-null="true"/>
            </key>
            <one-to-many class="com.aprendoz_desarrollo.data.InscAlumTransporte"/>
        </set>
        <set name="inscAlumTransportesForViernesRuta" inverse="true">
            <key>
                <column name="viernes_ruta" not-null="true"/>
            </key>
            <one-to-many class="com.aprendoz_desarrollo.data.InscAlumTransporte"/>
        </set>
        <set name="inscAlumTransportesForSabadoRuta" inverse="true">
            <key>
                <column name="sabado_ruta" not-null="true"/>
            </key>
            <one-to-many class="com.aprendoz_desarrollo.data.InscAlumTransporte"/>
        </set>
        <set name="novedadeses" inverse="true">
            <key>
                <column name="ruta_id_ruta" not-null="true"/>
            </key>
            <one-to-many class="com.aprendoz_desarrollo.data.Novedades"/>
        </set>
        <set name="inscAlumTransportesForDomingoRuta" inverse="true">
            <key>
                <column name="domingo_ruta" not-null="true"/>
            </key>
            <one-to-many class="com.aprendoz_desarrollo.data.InscAlumTransporte"/>
        </set>
        <set name="inscAlumTransportesForLunesRuta" inverse="true">
            <key>
                <column name="lunes_ruta" not-null="true"/>
            </key>
            <one-to-many class="com.aprendoz_desarrollo.data.InscAlumTransporte"/>
        </set>
    </class>
</hibernate-mapping>