<?xml version="1.0" encoding="UTF-8" standalone="yes"?>
<service xmlns="http://www.activegrid.com/namespaces/ServiceDefinitions/1.0" springFile="cparcial.spring.xml" type="JavaService" CRUDService="false" class="cparcial" id="cparcial">
    <operation name="getReport">
        <parameter isList="false" typeRef="java.lang.String" name="idp"/>
        <parameter isList="false" typeRef="java.lang.String" name="idy"/>
        <parameter isList="false" typeRef="java.lang.String" name="header"/>
        <parameter isList="false" typeRef="java.lang.String" name="s1"/>
        <parameter isList="false" typeRef="java.lang.String" name="sf1"/>
        <parameter isList="false" typeRef="java.lang.String" name="s2"/>
        <parameter isList="false" typeRef="java.lang.String" name="sf2"/>
        <parameter isList="false" typeRef="java.lang.String" name="fecha1"/>
        <parameter isList="false" typeRef="java.lang.String" name="fecha2"/>
        <parameter isList="false" typeRef="java.lang.String" name="comi1"/>
        <return isList="false" typeRef="com.wavemaker.runtime.server.DownloadResponse"/>
    </operation>
    <dataobjects/>
</service>
