<!DOCTYPE hibernate-mapping PUBLIC "-//Hibernate/Hibernate Mapping DTD 3.0//EN" "http://hibernate.sourceforge.net/hibernate-mapping-3.0.dtd">
<hibernate-mapping>
    <class name="com.aprendoz_desarrollo.data.Sy" table="SY" catalog="aprendoz_desarrollo" dynamic-insert="false" dynamic-update="false">
        <id name="idSy" type="integer">
            <column name="Id_SY"/>
            <generator class="assigned"/>
        </id>
        <property name="schoolYear" type="string">
            <column name="School_year" length="45"/>
        </property>
        <set name="asignaturas" inverse="true">
            <key>
                <column name="SY_Id_SY" not-null="true"/>
            </key>
            <one-to-many class="com.aprendoz_desarrollo.data.Asignatura"/>
        </set>
        <set name="inscAlumCursos" inverse="true">
            <key>
                <column name="SY_Id_SY" not-null="true"/>
            </key>
            <one-to-many class="com.aprendoz_desarrollo.data.InscAlumCurso"/>
        </set>
        <set name="inscDocAsigs" inverse="true">
            <key>
                <column name="SY_Id_SY" not-null="true"/>
            </key>
            <one-to-many class="com.aprendoz_desarrollo.data.InscDocAsig"/>
        </set>
        <set name="periodos" inverse="true">
            <key>
                <column name="SY_Id_SY" not-null="true"/>
            </key>
            <one-to-many class="com.aprendoz_desarrollo.data.Periodo"/>
        </set>
    </class>
</hibernate-mapping>