<?xml version="1.0" encoding="UTF-8" standalone="yes"?>
<service xmlns="http://www.activegrid.com/namespaces/ServiceDefinitions/1.0" springFile="cparcial_secretario.spring.xml" type="JavaService" CRUDService="false" class="cparcial_secretario" id="cparcial_secretario">
    <operation name="getReport">
        <parameter isList="false" typeRef="java.lang.String" name="idp"/>
        <parameter isList="false" typeRef="java.lang.String" name="idy"/>
        <parameter isList="false" typeRef="java.lang.String" name="fecha1"/>
        <parameter isList="false" typeRef="java.lang.String" name="fecha2"/>
        <return isList="false" typeRef="com.wavemaker.runtime.server.DownloadResponse"/>
    </operation>
    <dataobjects/>
</service>
