<?xml version="1.0" encoding="UTF-8" standalone="yes"?>
<service xmlns="http://www.activegrid.com/namespaces/ServiceDefinitions/1.0" springFile="libroFinalCalificaciones.spring.xml" type="JavaService" CRUDService="false" class="libroFinalCalificaciones" id="libroFinalCalificaciones">
    <operation name="getReport">
        <parameter isList="false" typeRef="java.lang.String" name="idsy"/>
        <parameter isList="false" typeRef="java.lang.String" name="sy"/>
        <parameter isList="false" typeRef="java.lang.String" name="idnivel"/>
        <parameter isList="false" typeRef="java.lang.String" name="nivel"/>
        <return isList="false" typeRef="com.wavemaker.runtime.server.DownloadResponse"/>
    </operation>
    <dataobjects/>
</service>
